Workbook

Sheet Dashboard
D2: Akquise · Master-Sheet 2026
D3: Pipeline · Funnel · Umsatz · Zielplanung
B6: PIPELINE-ÜBERSICHT
B7: Akquise | C7: Quali-Calls | D7: Sales-Calls | E7: Kunden | F7: Conversion | G7: Offene Pipeline
B8: =COUNTA(Akquise[Firmenname]) -> 259 | C8: =COUNTA(QualliCalls[Firmenname]) -> 2 | D8: =COUNTA(SaleCalls[Firmenname]) -> 2 | E8: =COUNTA(Kunden[Firmenname]) -> 4 | F8: =IFERROR(E8/B8,0) -> 0.015444015 | G8: =SUMIF(SaleCalls[Sales-Ergebnis],"Offen",SaleCalls[Angebotsvolumen (€)])+SUMIF(SaleCalls[Sales-Ergebnis],"Follow-up",SaleCalls[Angebotsvolumen (€)]) -> 1750
B10: NACH ZIELGRUPPE
B11: Zielgruppe | C11: Akquise | D11: Quali-Calls | E11: Kunden | F11: Conversion | H11: GESAMT | I11: Akquise | J11: Quali-Calls | K11: Kunden | L11: Conversion
B12: =IFERROR(__xludf.DUMMYFUNCTION("QUERY(Dropdowns[Zielgruppe], ""SELECT *"", 1)"),"Coaches & Berater") -> Coaches & Berater | C12: =IF(B12="","",COUNTIF(Akquise[Zielgruppe],$B12)) -> 2 | D12: =IF(B12="","",COUNTIF(QualliCalls[Zielgruppe],$B12)) -> 0 | E12: =COUNTIF(Kunden!$B$4:$B$828,$B12) -> 1 | F12: =IFERROR(E12/C12,0) -> 0.5 | I12: =SUM(C12:C988) -> 259 | J12: =SUM(D12:D988) -> 2 | K12: =SUM(E12:E988) -> 2 | L12: =IFERROR(K12/I12,0) -> 0.0077220077
B13: =IFERROR(__xludf.DUMMYFUNCTION("""COMPUTED_VALUE"""),"Steuerberater & Anwälte") -> Steuerberater & Anwälte | C13: =IF(B13="","",COUNTIF(Akquise[Zielgruppe],$B13)) -> 251 | D13: =IF(B13="","",COUNTIF(QualliCalls[Zielgruppe],$B13)) -> 0 | E13: =COUNTIF(Kunden!$B$4:$B$828,$B13) -> 0 | F13: =IFERROR(E13/C13,0) -> 0
B14: =IFERROR(__xludf.DUMMYFUNCTION("""COMPUTED_VALUE"""),"Immobilien & Makler") -> Immobilien & Makler | C14: =IF(B14="","",COUNTIF(Akquise[Zielgruppe],$B14)) -> 3 | D14: =IF(B14="","",COUNTIF(QualliCalls[Zielgruppe],$B14)) -> 1 | E14: =COUNTIF(Kunden!$B$4:$B$828,$B14) -> 0 | F14: =IFERROR(E14/C14,0) -> 0
B15: =IFERROR(__xludf.DUMMYFUNCTION("""COMPUTED_VALUE"""),"Handwerk & Lokal") -> Handwerk & Lokal | C15: =IF(B15="","",COUNTIF(Akquise[Zielgruppe],$B15)) -> 0 | D15: =IF(B15="","",COUNTIF(QualliCalls[Zielgruppe],$B15)) -> 0 | E15: =COUNTIF(Kunden!$B$4:$B$828,$B15) -> 0 | F15: =IFERROR(E15/C15,0) -> 0 | I15: Leads starten in „Akquise". Bei Ergebnis „Qualifiziert" / „Abgeschlossen" rückt der Lead automatisch ins nächste Blatt (per Apps-Script). Alle Zahlen hier zählen live über die Phasen-Blätter.
B16: =IFERROR(__xludf.DUMMYFUNCTION("""COMPUTED_VALUE"""),"Musik & Event") -> Musik & Event | C16: =IF(B16="","",COUNTIF(Akquise[Zielgruppe],$B16)) -> 1 | D16: =IF(B16="","",COUNTIF(QualliCalls[Zielgruppe],$B16)) -> 1 | E16: =COUNTIF(Kunden!$B$4:$B$828,$B16) -> 1 | F16: =IFERROR(E16/C16,0) -> 1
B17: =IFERROR(__xludf.DUMMYFUNCTION("""COMPUTED_VALUE"""),"Agentur (Subcontracting)") -> Agentur (Subcontracting) | C17: =IF(B17="","",COUNTIF(Akquise[Zielgruppe],$B17)) -> 0 | D17: =IF(B17="","",COUNTIF(QualliCalls[Zielgruppe],$B17)) -> 0 | E17: =COUNTIF(Kunden!$B$4:$B$828,$B17) -> 0 | F17: =IFERROR(E17/C17,0) -> 0
B18: =IFERROR(__xludf.DUMMYFUNCTION("""COMPUTED_VALUE"""),"Sonstige") -> Sonstige | C18: =IF(B18="","",COUNTIF(Akquise[Zielgruppe],$B18)) -> 2 | D18: =IF(B18="","",COUNTIF(QualliCalls[Zielgruppe],$B18)) -> 0 | E18: =COUNTIF(Kunden!$B$4:$B$828,$B18) -> 0 | F18: =IFERROR(E18/C18,0) -> 0
C19: =IF(B19="","",COUNTIF(Akquise[Zielgruppe],$B19)) | D19: =IF(B19="","",COUNTIF(QualliCalls[Zielgruppe],$B19))
C20: =IF(B20="","",COUNTIF(Akquise[Zielgruppe],$B20)) | D20: =IF(B20="","",COUNTIF(QualliCalls[Zielgruppe],$B20))
C21: =IF(B21="","",COUNTIF(Akquise[Zielgruppe],$B21)) | D21: =IF(B21="","",COUNTIF(QualliCalls[Zielgruppe],$B21))
C22: =IF(B22="","",COUNTIF(Akquise[Zielgruppe],$B22)) | D22: =IF(B22="","",COUNTIF(QualliCalls[Zielgruppe],$B22))
C23: =IF(B23="","",COUNTIF(Akquise[Zielgruppe],$B23)) | D23: =IF(B23="","",COUNTIF(QualliCalls[Zielgruppe],$B23))
C24: =IF(B24="","",COUNTIF(Akquise[Zielgruppe],$B24)) | D24: =IF(B24="","",COUNTIF(QualliCalls[Zielgruppe],$B24))
C25: =IF(B25="","",COUNTIF(Akquise[Zielgruppe],$B25)) | D25: =IF(B25="","",COUNTIF(QualliCalls[Zielgruppe],$B25))
C26: =IF(B26="","",COUNTIF(Akquise[Zielgruppe],$B26)) | D26: =IF(B26="","",COUNTIF(QualliCalls[Zielgruppe],$B26))
C27: =IF(B27="","",COUNTIF(Akquise[Zielgruppe],$B27)) | D27: =IF(B27="","",COUNTIF(QualliCalls[Zielgruppe],$B27))
C28: =IF(B28="","",COUNTIF(Akquise[Zielgruppe],$B28)) | D28: =IF(B28="","",COUNTIF(QualliCalls[Zielgruppe],$B28))

Sheet Akquise
A1: ID | B1: Zielgruppe | C1: Firmenname | D1: Ansprechpartner | E1: Position | F1: Stadt / Region | G1: Website | H1: Telefon | I1: E-Mail | J1: Quelle | K1: Website-Qualität | L1: Priorität | M1: Erstkontakt am | N1: Akquise-Ergebnis | O1: Wiedervorlage | P1: Notizen
A2: =IF($C2<>"","L-"&TEXT(ROW()-1,"000"),"") -> L-001 | B2: Coaches & Berater | C2: Müller Partner - Personal- und Organisationsentwicklung | D2: Sonja Trieschmann | Eveline Siehler | Fabian Büser | E2: Partner | F2: Kassel | G2: https://www.muellerundpartner.de/was/coaching | H2: +49 561 93874 – 0 | I2: info@muellerundpartner.de | J2: KI | K2: Schlecht | L2: 🟡 Mittel | N2: Offen
A3: =IF($C3<>"","L-"&TEXT(ROW()-1,"000"),"") -> L-002 | B3: Coaches & Berater | C3: Coaching Dr. Keller | D3: Monika Keller | E3: Inhaberin | F3: Adendorf | G3: https://coaching-keller.de/persoenliches-coaching/ | H3: 01234/56789 | I3: kontakt@coaching-keller.de | J3: KI | K3: Sehr schlecht | L3: 🔴 Hoch | N3: Offen
A4: =IF($C4<>"","L-"&TEXT(ROW()-1,"000"),"") -> L-003 | B4: Steuerberater & Anwälte | C4: Kanzlei Hoffmann | D4: Magaret Hoffmann | E4: Geschäftsführerin | F4: Bremerhaven | G4: https://www.kanzlei-hoffmann.de/ | H4: 0172 – 5920020 | I4: kontakt@kanzlei-hoffmann.de | J4: KI | K4: Sehr schlecht | L4: 🔴 Hoch | N4: Offen
A5: =IF($C5<>"","L-"&TEXT(ROW()-1,"000"),"") -> L-004 | B5: Steuerberater & Anwälte | C5: Steenberg Rechtsanwälte | D5: Jan Gregor Steenberg | E5: Geschäftsführer | F5: Karlsruhe | G5: https://www.kanzlei-steenberg.de/ | H5: 07231 / 1331993-0 | I5: info@kanzlei-steenberg.de | J5: KI | K5: Schlecht | L5: 🔴 Hoch | N5: Offen
A6: =IF($C6<>"","L-"&TEXT(ROW()-1,"000"),"") -> L-005 | B6: Steuerberater & Anwälte | C6: Anwaltskanzlei Weber | D6: Wilhelm Alexander Weber | E6: Rechtsanwalt | F6: Sachsen | G6: https://anwalt-weber.de/ | H6: 0351-476 75 47 | I6: kanzlei@anwalt-weber.de | J6: KI | K6: Sehr schlecht | L6: 🔴 Hoch | N6: Offen
A7: =IF($C7<>"","L-"&TEXT(ROW()-1,"000"),"") -> L-006 | B7: Steuerberater & Anwälte | C7: Porkert Rechtsanwälte | D7: Sascha Porkert | E7: Rechtsanwalt | F7: Aschaffenburg | G7: http://www.porkert-rechtsanwaelte.de/ | H7: 0 60 21 - 438 77 - 60 | I7: info@PORKERT-Rechtsanwaelte.de | J7: Google | K7: Sehr schlecht | L7: 🟡 Mittel | N7: Offen | P7: Website nicht sicher
A8: =IF($C8<>"","L-"&TEXT(ROW()-1,"000"),"") -> L-007 | B8: Steuerberater & Anwälte | C8: Kaup + Goes | F8: Aschaffenburg | G8: https://www.kaupgoes.de/ | H8: 06021-581683 | I8: info@kaupgoes.de | J8: Google | K8: Schlecht | L8: 🟢 Niedrig | N8: Offen
A9: =IF($C9<>"","L-"&TEXT(ROW()-1,"000"),"") -> L-008 | B9: Steuerberater & Anwälte | C9: D.Waterstradt | D9: Diane Waterstradt | E9: Rechtsanwalt | F9: Aschaffenburg | G9: https://www.meineanwaeltin.de/ | H9: 06021 | 581650 | I9: DW@meineAnwaeltin.de | J9: Google | K9: Schlecht | L9: 🟢 Niedrig | N9: Offen
A10: =IF($C10<>"","L-"&TEXT(ROW()-1,"000"),"") -> L-009 | B10: Steuerberater & Anwälte | C10: Dr. Heinrich Fussbahn | D10: Robert Öhrlein | E10: Rechtsanwalt | F10: Aschaffenburg | G10: https://www.rechtsanwaelte-ab.de/ | H10: 06021-5826083 | I10: kanzlei-robert-oehrlein@web.de | J10: Google | K10: Ausbaufähig | L10: 🟢 Niedrig | N10: Offen
A11: =IF($C11<>"","L-"&TEXT(ROW()-1,"000"),"") -> L-010 | B11: Steuerberater & Anwälte | C11: Fuchs und Fuchs Rechtsanwälte | F11: Aschaffenburg | H11: 06021 362370 | J11: Google | K11: Keine Website | L11: 🔴 Hoch | N11: Offen | P11: Keine Website vorhanden
A12: =IF($C12<>"","L-"&TEXT(ROW()-1,"000"),"") -> L-011 | B12: Steuerberater & Anwälte | C12: Claudia Pfad | D12: Claudia Pfad | E12: Rechtsanwalt | F12: Aschaffenburg | G12: https://www.kanzlei-pfad.de/ | H12: 06021/423894 | I12: pfadkanzlei-pfad.de | J12: Google | K12: Schlecht | L12: 🟡 Mittel | N12: Offen
A13: =IF($C13<>"","L-"&TEXT(ROW()-1,"000"),"") -> L-012 | B13: Steuerberater & Anwälte | C13: Dirk Faust & Bernd Fronemann | D13: Dirk Faust | E13: Sozietät | F13: Aschaffenburg | G13: https://www.faust-rechtsanwalt.de/ | H13: 06021 - 44 88 7 0 | I13: info@faust-rechtsanwalt.de | J13: Google | K13: Ausbaufähig | L13: 🟢 Niedrig | N13: Offen
A14: =IF($C14<>"","L-"&TEXT(ROW()-1,"000"),"") -> L-013 | B14: Steuerberater & Anwälte | C14: Ohly Zöller | F14: Aschaffenburg | G14: https://rae-ohly-zoeller.com/ | H14: 06021/3868330 | I14: advokat@rae-ohly-zoeller.de | J14: Google | K14: Ausbaufähig | L14: 🟢 Niedrig | N14: Offen | P14: Sehr langsame Website, kein Impressum
A15: =IF($C15<>"","L-"&TEXT(ROW()-1,"000"),"") -> L-014 | B15: Steuerberater & Anwälte | C15: Rechtsanwalt Dirk Witteck | D15: Dirk Witteck | E15: Rechtsanwalt | F15: Großwallstadt | G15: https://www.rechtsanwalt-witteck.de/ | H15: 06022/2055-2240 | I15: post@rechtsanwalt-witteck.de | J15: Google | K15: Schlecht | L15: 🟢 Niedrig | N15: Offen
A16: =IF($C16<>"","L-"&TEXT(ROW()-1,"000"),"") -> L-015 | B16: Steuerberater & Anwälte | C16: Kade et kade | F16: Aschaffenburg | G16: https://kade-kade.de/ | H16: +49 (0) 60 21 / 150 680 | I16: raekade@kade-kade.de | J16: Google | K16: Ausbaufähig | L16: 🟢 Niedrig | N16: Offen
A17: =IF($C17<>"","L-"&TEXT(ROW()-1,"000"),"") -> L-016 | B17: Steuerberater & Anwälte | C17: Silke Mayerhöfer | F17: Aschaffenburg | H17: 06021 22752 | J17: Google | K17: Keine Website | L17: 🔴 Hoch | N17: Offen | P17: Keine Website vorhanden
A18: =IF($C18<>"","L-"&TEXT(ROW()-1,"000"),"") -> L-017 | B18: Steuerberater & Anwälte | C18: rae-aschaffenburg | F18: Aschaffenburg | G18: https://www.rae-aschaffenburg.de/?c=startseite | H18: 06021 / 4487747 | I18: info@rae-aschaffenburg.de | J18: Google | K18: Schlecht | L18: 🟡 Mittel | N18: Offen
A19: =IF($C19<>"","L-"&TEXT(ROW()-1,"000"),"") -> L-018 | B19: Steuerberater & Anwälte | C19: Bernhard & Neumeier Janßen | D19: Peter Bernhard/Udo Neumeier | E19: 06021-62552-10 | F19: Aschaffenburg | G19: https://www.kanzlei-bernhard-und-neumeier.de/%C3%BCber-die-kanzleien/udo-neumeier/ | H19: 06021-62552-10 | I19: kanzlei@rae-bnj.de | J19: Google | K19: Schlecht | L19: 🟡 Mittel | N19: Offen
A20: =IF($C20<>"","L-"&TEXT(ROW()-1,"000"),"") -> L-019 | B20: Steuerberater & Anwälte | C20: Anwalts Mediatorin | D20: Sabine Langhirt | E20: Meditatorin, Sozialtherapeutin, Fachanwältin für Familienrecht, Rechtsanwältin | F20: Aschaffenburg | G20: https://www.anwalts-mediatorin.de/ | H20: 06021 929004 | I20: mediation@langhirt.eu | J20: Google | K20: Sehr schlecht | L20: 🔴 Hoch | N20: Offen
A21: =IF($C21<>"","L-"&TEXT(ROW()-1,"000"),"") -> L-020 | B21: Steuerberater & Anwälte | C21: Anwalts Kanzlei Ziemer | D21: Monika Ziemer | E21: Fachanwältin für Miet- und Wohnungseigentumsrecht/Strafrecht | F21: Aschaffenburg | G21: https://www.az-kanzlei.de/ | H21: 06021 44 295 3 | I21: ziemer@az-kanzlei.de | J21: Google | K21: Schlecht | L21: 🟢 Niedrig | N21: Offen
A22: =IF($C22<>"","L-"&TEXT(ROW()-1,"000"),"") -> L-021 | B22: Steuerberater & Anwälte | C22: Rechtsanwalt Schwab | F22: Aschaffenburg | H22: 06021 35010 | J22: Google | K22: Keine Website | L22: 🔴 Hoch | N22: Offen | P22: Keine Website vorhanden
A23: =IF($C23<>"","L-"&TEXT(ROW()-1,"000"),"") -> L-022 | B23: Steuerberater & Anwälte | C23: Schaeffer Rechtsanwälte | F23: Aschaffenburg | H23: 06021 21678 | J23: Google | K23: Keine Website | L23: 🔴 Hoch | N23: Offen | P23: Keine Website vorhanden
A24: =IF($C24<>"","L-"&TEXT(ROW()-1,"000"),"") -> L-023 | B24: Steuerberater & Anwälte | C24: Rechtsanwalt-Stoklossa | F24: Aschaffenburg | H24: 06021 5851270 | J24: Google | K24: Keine Website | L24: 🔴 Hoch | N24: Offen | P24: Keine Website vorhanden
A25: =IF($C25<>"","L-"&TEXT(ROW()-1,"000"),"") -> L-024 | B25: Steuerberater & Anwälte | C25: Drik Jenny | D25: Dirk Jenny | E25: Rechtsanwalt | F25: Aschaffenburg | G25: https://www.anwalt-jenny.de/ | H25: 06021 30880 | I25: mail@anwalt-jenny.de | J25: Google | K25: Sehr schlecht | L25: 🔴 Hoch | N25: Offen
A26: =IF($C26<>"","L-"&TEXT(ROW()-1,"000"),"") -> L-025 | B26: Steuerberater & Anwälte | C26: Anwaltskanzlei Susanne Steigerwald | F26: Aschaffenburg | G26: https://www.anwaltskanzlei-ssa.de/ | H26: 06021 443670 | J26: Google | K26: Sehr schlecht | L26: 🔴 Hoch | N26: Offen | P26: Website führt Glückspiel Werbung?
A27: =IF($C27<>"","L-"&TEXT(ROW()-1,"000"),"") -> L-026 | B27: Steuerberater & Anwälte | C27: Rechtsanwältin Annette Reinheimer | D27: Anette Reinheimer | E27: Rechtsanwalt | F27: Aschaffenburg | G27: https://www.anwalt-reinheimer.de/ | H27: 06021 - 58 02 91 | I27: annette.reinheimer@t-online.de | J27: Google | K27: Schlecht | L27: 🟡 Mittel | N27: Offen
A28: =IF($C28<>"","L-"&TEXT(ROW()-1,"000"),"") -> L-027 | B28: Steuerberater & Anwälte | C28: Bach Rechtsanwälte Fachanwälte | D28: Günter Bach | E28: Geschäftsführer | F28: Aschaffenburg | G28: https://bach-anwaelte.de/ | H28: 06021 30880 | I28: info@bach-anwaelte.de | J28: Google | K28: Ausbaufähig | L28: 🟢 Niedrig | N28: Offen
A29: =IF($C29<>"","L-"&TEXT(ROW()-1,"000"),"") -> L-028 | B29: Steuerberater & Anwälte | C29: Rechtsanwälte LEEB & LEEB | D29: Hermann Leeb | E29: Rechtsanwalt | F29: Aschaffenburg | G29: https://www.rae-leeb.de/ | H29: 06021 - 21747 | I29: info@rakba.de | J29: Google | K29: Schlecht | L29: 🟢 Niedrig | N29: Offen
A30: =IF($C30<>"","L-"&TEXT(ROW()-1,"000"),"") -> L-029 | B30: Steuerberater & Anwälte | C30: Michael Volmer & Dr. Jens Neie | D30: Michael Volmer und Dr. Jens Neie | E30: Notare | F30: Aschaffenburg | G30: https://www.notaref15.de/formulare/kaufvertrag/ | H30: 06021 30 96 0 | I30: post@notaref15.de | J30: Google | K30: Ausbaufähig | L30: 🟢 Niedrig | N30: Offen | P30: Formulare
A31: =IF($C31<>"","L-"&TEXT(ROW()-1,"000"),"") -> L-030 | B31: Steuerberater & Anwälte | C31: Rechtsanwältin Eva Rombach | F31: Aschaffenburg | H31: 06021 9017400 | J31: Google | K31: Keine Website | L31: 🔴 Hoch | N31: Offen | P31: Keine Website vorhanden
A32: =IF($C32<>"","L-"&TEXT(ROW()-1,"000"),"") -> L-031 | B32: Steuerberater & Anwälte | C32: Rechtsanwalt Hans Peter Fink | F32: Aschaffenburg | H32: 06021 39950 | J32: Google | K32: Keine Website | L32: 🔴 Hoch | N32: Offen | P32: Keine Website vorhanden
A33: =IF($C33<>"","L-"&TEXT(ROW()-1,"000"),"") -> L-032 | B33: Steuerberater & Anwälte | C33: Beate von der Nahmer | F33: Aschaffenburg | H33: 06021 4599032 | J33: Google | K33: Keine Website | L33: 🔴 Hoch | N33: Offen | P33: Keine Website vorhanden
A34: =IF($C34<>"","L-"&TEXT(ROW()-1,"000"),"") -> L-033 | B34: Steuerberater & Anwälte | C34: Rechtsanwalt Klaus Lenzen | D34: Klaus Lenzen | E34: Rechtsanwalt | F34: Aschaffenburg | G34: https://www.rechtsanwalt-lenzen.de/ | H34: 06021 560 778 | I34: info@rechtsanwalt-lenzen.de | J34: Google | K34: Ausbaufähig | L34: 🟢 Niedrig | N34: Offen
A35: =IF($C35<>"","L-"&TEXT(ROW()-1,"000"),"") -> L-034 | B35: Steuerberater & Anwälte | C35: Dr. Koos & Kollegen | D35: Ulrich Koos | E35: Gesellschafter | F35: Aschaffenburg | G35: https://rae-koos.de/ | H35: 06021 3548-0 | I35: mail@rae-koos.de | J35: Google | K35: Ausbaufähig | L35: 🟢 Niedrig | N35: Offen
A36: =IF($C36<>"","L-"&TEXT(ROW()-1,"000"),"") -> L-035 | B36: Steuerberater & Anwälte | C36: Dr. Häcker & Kollegen | D36: Dr. Frank Häcker | E36: Rechtsanwalt | F36: Aschaffenburg | G36: https://www.drhaecker.de/ | H36: (06021) 454900 | I36: kanzlei@drhaecker.de | J36: Google | K36: Schlecht | L36: 🟡 Mittel | N36: Offen
A37: =IF($C37<>"","L-"&TEXT(ROW()-1,"000"),"") -> L-036 | B37: Steuerberater & Anwälte | C37: HAF Rechtsanwälte | F37: Aschaffenburg | H37: 06021 36890 | J37: Google | K37: Keine Website | L37: 🔴 Hoch | N37: Offen | P37: Keine Website vorhanden
A38: =IF($C38<>"","L-"&TEXT(ROW()-1,"000"),"") -> L-037 | B38: Steuerberater & Anwälte | C38: Rechtsanwalt Alexander Glück | D38: Alexander Glück | E38: Rechtsanwalt | F38: Aschaffenburg | G38: https://www.glueckalexander.de/ | H38: +49 (0)6021 4399632 | I38: info@alexanderglueck.de | J38: Google | K38: Schlecht | L38: 🟡 Mittel | N38: Offen
A39: =IF($C39<>"","L-"&TEXT(ROW()-1,"000"),"") -> L-038 | B39: Steuerberater & Anwälte | C39: Dr. Hufnagel | D39: Dr. Sven Hufnagel | E39: Rechtsanwalt | F39: Aschaffenburg | G39: https://www.anwalt-strafrecht.com/kontakt-fachanwalt-strafrecht-aschaffenburg | H39: (+49) 06021-21322 | I39: anwalt@dr-hufnagel.de | J39: Google | K39: Sehr schlecht | L39: 🟡 Mittel | N39: Offen
A40: =IF($C40<>"","L-"&TEXT(ROW()-1,"000"),"") -> L-039 | B40: Steuerberater & Anwälte | C40: Kanzlei Rath | D40: Johanna Rath | E40: Rechtsanwalt | F40: Aschaffenburg | G40: http://www.kanzleirath.de/ | H40: 0951/ 986.200 | I40: info@rakba.de | J40: Google | K40: Sehr schlecht | L40: 🔴 Hoch | N40: Offen | P40: Website nicht sicher
A41: =IF($C41<>"","L-"&TEXT(ROW()-1,"000"),"") -> L-040 | B41: Steuerberater & Anwälte | C41: Rechtsanwalt Robert Schmitt | D41: Robert Schmitt | E41: Rechtsanwalt | F41: Aschaffenburg | G41: http://www.rechtsanwalt-schmitt.com/ | H41: (06021) 200998 | I41: rechtsanwalt.schmitt@t-online.de | J41: Google | K41: Schlecht | L41: 🟡 Mittel | N41: Offen | P41: Website nicht sicher
A42: =IF($C42<>"","L-"&TEXT(ROW()-1,"000"),"") -> L-041 | B42: Steuerberater & Anwälte | C42: Rechtsänwältin Andrea Kroth-Decher | D42: Andrea Kroth-Decher | E42: Rechtsanwalt | F42: Aschaffenburg | G42: https://www.kroth-decher.de/ | H42: 06021- 4525477 | I42: kanzlei@kroth-decher.de | J42: Google | K42: Ausbaufähig | L42: 🟢 Niedrig | N42: Offen
A43: =IF($C43<>"","L-"&TEXT(ROW()-1,"000"),"") -> L-042 | B43: Steuerberater & Anwälte | C43: Rechtsanwaltskanzlei Julia Ovchinski | D43: Julia Ovchinski | E43: Rechtsanwalt | F43: Aschaffenburg | G43: https://anwalt-ovchinski.de/ | H43: 0173 7133052 | I43: info@anwalt-ovchinski.de | J43: Google | K43: Ausbaufähig | L43: 🟡 Mittel | N43: Offen
A44: =IF($C44<>"","L-"&TEXT(ROW()-1,"000"),"") -> L-043 | B44: Steuerberater & Anwälte | C44: Rechtsanwälte Gerlach | F44: Aschaffenburg | H44: 06021 219080 | J44: Google | K44: Keine Website | L44: 🔴 Hoch | N44: Offen | P44: Keine Website vorhanden
A45: =IF($C45<>"","L-"&TEXT(ROW()-1,"000"),"") -> L-044 | B45: Steuerberater & Anwälte | C45: Kanzlei Körzinger | F45: Aschaffenburg | G45: http://www.kanzlei-koerzinger.de/inhalt03.html | H45: 06021 5829442 | J45: Google | K45: Sehr schlecht | L45: 🔴 Hoch | N45: Offen | P45: Website nicht sicher und bodenlos/Kein Impressum
A46: =IF($C46<>"","L-"&TEXT(ROW()-1,"000"),"") -> L-045 | B46: Immobilien & Makler | C46: MAINTAUNUS-Immobilien Sauer & Sauer GBR | D46: Volkmar Sauer, Andreas Sauer | E46: Gesellschafter | F46: Homburg | G46: https://maintaunusimmobilien.com/luxus-immobilien/ | I46: info@maintaunus-immobilien.com | J46: KI | K46: Schlecht | L46: 🟡 Mittel | N46: Offen
A47: =IF($C47<>"","L-"&TEXT(ROW()-1,"000"),"") -> L-046 | B47: Immobilien & Makler | C47: Ihre Hausverwaltung | D47: Andreas Kern | E47: Geschäftsführer | F47: Birkenfeld | G47: https://www.ihre-hausverwaltung-kern.de/ | H47: 0172/7202174 | I47: firma@ihre-hausverwaltung-kern.de | J47: KI | K47: Sehr schlecht | L47: 🟢 Niedrig | N47: Offen | P47: Information auf Website: Vollständig ausgelastet
A48: =IF($C48<>"","L-"&TEXT(ROW()-1,"000"),"") -> L-047 | B48: Musik & Event | C48: VMP Künstlerpool | D48: Bobby Stöcker | E48: Musiker | F48: Groß-Umstadt | G48: https://v-m-p.com/ | H48: 01775719570 | I48: info@v-m-p.com | J48: Netzwerk | K48: Schlecht | L48: 🔴 Hoch | M48: 46158 | N48: Qualifiziert
A49: =IF($C49<>"","L-"&TEXT(ROW()-1,"000"),"") -> L-048 | B49: Steuerberater & Anwälte | C49: Steuerberater Annette Lähn | D49: Annette Lähn | E49: Steuerberater | F49: Frankfurt am Main | G49: https://www.annette-laehn.de/ | H49: 06935351511 | I49: info@annette-laehn.de | J49: Google | K49: Sehr schlecht | L49: 🔴 Hoch | N49: Offen | P49: Veraltet, nicht vertrauensweckend, Impressum
A50: =IF($C50<>"","L-"&TEXT(ROW()-1,"000"),"") -> L-049 | B50: Steuerberater & Anwälte | C50: Hofmann Klafsky & Fertig | D50: Nadine Hofmann, Katja Klafsky, Andreas Fertig | E50: Partner & Vertretungsberechtigte | F50: Frankfurt am Main | G50: www.hofmannfertig.com | H50: 06987203390 | I50: info@hofmannfertig.com | J50: Google | K50: OK | L50: 🟢 Niedrig | N50: Offen | P50: Unpraktich
A51: =IF($C51<>"","L-"&TEXT(ROW()-1,"000"),"") -> L-050 | B51: Steuerberater & Anwälte | C51: LÜBECK & Kollegen | D51: Simon Bruno, Christian Falcenberg | E51: Gesellschafter, Steuerberater | F51: Frankfurt am Main | G51: https://www.luebeckonline.com/ | H51: 0692426620 | I51: email@luebeck-gruppe.de | J51: Google | K51: Ausbaufähig | L51: 🟡 Mittel | N51: Offen | P51: nicht besonders anschaulich
A52: =IF($C52<>"","L-"&TEXT(ROW()-1,"000"),"") -> L-051 | B52: Steuerberater & Anwälte | C52: WERNLI Steuerberatung | D52: Fabian Wernli | E52: Steuerberater | F52: Frankfurt am Main | G52: https://www.wernli-steuerberatung.com/ | H52: 01731981414 | I52: info@wernli-steuerberatung.de | J52: Google | K52: Ausbaufähig | L52: 🟢 Niedrig | N52: Offen | P52: Ausarbeitung gestaltung & Farbwahl
A53: =IF($C53<>"","L-"&TEXT(ROW()-1,"000"),"") -> L-052 | B53: Steuerberater & Anwälte | C53: CHRISTIAN WAGNER | D53: Chrisrian Wagner | E53: Steuerberater | F53: Frankfurt am Main | G53: http://wagner-stbkanzlei.de/ | H53: 06965300495 | I53: info@wagner-stbkanzlei.de | J53: Google | K53: OK | L53: 🟢 Niedrig | N53: Offen | P53: Gestaltung
A54: =IF($C54<>"","L-"&TEXT(ROW()-1,"000"),"") -> L-053 | B54: Steuerberater & Anwälte | C54: STEUGA Beratungs- und Treuhandgesellschaft mbH Steuerberatungsgesellschaft | D54: Jürgen Braun | F54: Frankfurt am Main | H54: 069747001 | J54: Google | K54: Keine Website | L54: 🔴 Hoch | N54: Offen | P54: keine webseite ersichtlich
A55: =IF($C55<>"","L-"&TEXT(ROW()-1,"000"),"") -> L-054 | B55: Steuerberater & Anwälte | C55: HEIM HONERMEIER | D55: Heim Homermeier | E55: Wirtschaftsprüfer, Steuerberater, Partnerschaftsgesellscaht | F55: Frankfurt am Main | G55: https://heim-honermeier.de/ | H55: 069962420 | I55: info@heim-honermeier.de | J55: Google | K55: Ausbaufähig | L55: 🟡 Mittel | N55: Offen | P55: für die ganzen auszeichnungen eine nicht so atraktive webseite
A56: =IF($C56<>"","L-"&TEXT(ROW()-1,"000"),"") -> L-055 | B56: Steuerberater & Anwälte | C56: Dipl.-Kfm. Thorsten Zoia | D56: Thorsten Zoia | F56: Frankfurt am Main | G56: https://www.zoia-steuerberater.de | H56: 0692999030 | I56: info@zoia-steuerberater.de | J56: Google | K56: Gut | L56: 🟢 Niedrig | N56: Offen
A57: =IF($C57<>"","L-"&TEXT(ROW()-1,"000"),"") -> L-056 | B57: Steuerberater & Anwälte | C57: Michael Rudy Steuerberater | D57: Michael Rudy | F57: Frankfurt am Main | G57: https://www.steuerberater-rudy.de/ | H57: 06924003300 | I57: info@steuerberater-rudy.com | J57: Google | K57: Gut | L57: 🟢 Niedrig | N57: Offen
A58: =IF($C58<>"","L-"&TEXT(ROW()-1,"000"),"") -> L-057 | B58: Steuerberater & Anwälte | C58: Michael A. Boller-Fay | D58: Michael Boller | F58: Frankfurt am Main | G58: https://www.stbboller.de/ | H58: 0610922214 | I58: michael.boller@stbboller.de | J58: Google | K58: Gut | L58: 🟢 Niedrig | N58: Offen
A59: =IF($C59<>"","L-"&TEXT(ROW()-1,"000"),"") -> L-058 | B59: Steuerberater & Anwälte | C59: Steuerkanzlei Peseschkian & Partner | D59: Payam Peseschkian | E59: Steuerberater, Diplom Kaufmann | F59: Frankfurt am Main | G59: https://www.stb-peseschkian.de/ | H59: 061015971621 | I59: kanzlei@stb-paseschkian.de | J59: Google | K59: Ausbaufähig | L59: 🟡 Mittel | N59: Offen
A60: =IF($C60<>"","L-"&TEXT(ROW()-1,"000"),"") -> L-059 | B60: Steuerberater & Anwälte | C60: Kanzlei Pulch | D60: Michael, Joachim, Dominik und Richard Pulch | E60: Steuerberater | F60: Frankfurt am Main | G60: https://www.pulch.de/ | H60: 0699421250 | I60: stb@pulch.de | J60: Google | K60: Ausbaufähig | L60: 🟢 Niedrig | N60: Offen
A61: =IF($C61<>"","L-"&TEXT(ROW()-1,"000"),"") -> L-060 | B61: Steuerberater & Anwälte | C61: Steuerbüro Friedel | D61: Ursula Friedel | E61: Steuerberaterin | F61: Frankfurt am Main | G61: https://stb-friedel.de/ | H61: 06934874444 | I61: info@stb-friedel.de | J61: Google | K61: Ausbaufähig | L61: 🟡 Mittel | N61: Offen
A62: =IF($C62<>"","L-"&TEXT(ROW()-1,"000"),"") -> L-061 | B62: Steuerberater & Anwälte | C62: ADA GmbH Steuerberatungsgesellschaft | D62: Eren Tunc | F62: Frankfurt am Main | G62: https://ada-steuerberatung.de/ | H62: 06913383620 | I62: info@ada-steuerberatung.de | J62: Google | K62: Ausbaufähig | L62: 🟡 Mittel | N62: Offen | P62: Gestaltung
A63: =IF($C63<>"","L-"&TEXT(ROW()-1,"000"),"") -> L-062 | B63: Steuerberater & Anwälte | C63: Becker & Partner | D63: Eike Becker (Steuerberater), Walter Kehrein (Rechtsanwalt) | E63: Geselschaftler | F63: Frankfurt am Main | G63: https://www.becker-frankfurt.de/ | H63: 0699074430 | I63: mail@becker-frankfurt.de | J63: Google | K63: Ausbaufähig | L63: 🟡 Mittel | N63: Offen
A64: =IF($C64<>"","L-"&TEXT(ROW()-1,"000"),"") -> L-063 | B64: Steuerberater & Anwälte | C64: Hellwig - Kuhn - Roth Steuerberatung | F64: Frankfurt am Main | G64: Steuerberater Hellwig - Kuhn - Roth Steuerberater | H64: 069703065 | J64: Google | K64: Keine Website | L64: 🔴 Hoch | N64: Offen
A65: =IF($C65<>"","L-"&TEXT(ROW()-1,"000"),"") -> L-064 | B65: Steuerberater & Anwälte | C65: FSU Steuer-Union Frankfurt GmbH | D65: Peter Graf | E65: Geschäftsführer | F65: Frankfurt am Main | G65: https://www.fsu-frankfurt.de/ | H65: 0699552100 | I65: info@fsu-frankfurt.de | J65: Google | K65: Ausbaufähig | L65: 🟡 Mittel | N65: Offen
A66: =IF($C66<>"","L-"&TEXT(ROW()-1,"000"),"") -> L-065 | B66: Steuerberater & Anwälte | C66: sh sarah happ | D66: Srah Happ | F66: Frankfurt am Main | G66: http://happ-steuerberatung.de/ | H66: 06917524410 | I66: info@happ-steuerberatung.de | J66: Google | K66: Schlecht | L66: 🔴 Hoch | N66: Offen
A67: =IF($C67<>"","L-"&TEXT(ROW()-1,"000"),"") -> L-066 | B67: Steuerberater & Anwälte | C67: Athena Steuerberatung | D67: Udo Hübener | E67: Steuerberater | F67: Frankfurt am Main | G67: https://athena-steuerberatung.de/ | H67: 069293536 | I67: post@athena-steuerberatung.de | J67: Google | K67: Schlecht | L67: 🔴 Hoch | N67: Offen | P67: veraltet und einseitig
A68: =IF($C68<>"","L-"&TEXT(ROW()-1,"000"),"") -> L-067 | B68: Steuerberater & Anwälte | C68: Vita Dr. Ramminger & Partner | E68: Rechtsanwalt, Steuerberater, Notar | F68: Frankfurt am Main | G68: https://rammingerpartner.de/ | H68: 0692972361 | I68: post@rammingerpartner.de | J68: Google | K68: Schlecht | L68: 🟡 Mittel | N68: Offen
A69: =IF($C69<>"","L-"&TEXT(ROW()-1,"000"),"") -> L-068 | B69: Steuerberater & Anwälte | C69: Steuerberatung Sina Neumann | F69: Frankfurt am Main | G69: Steuerberaterin Sina Neumann | H69: 06997097635 | I69: Neumann@Sina-Neumann.de | J69: Google | K69: Sehr schlecht | L69: 🔴 Hoch | N69: Offen | P69: seite in bearbeitung
A70: =IF($C70<>"","L-"&TEXT(ROW()-1,"000"),"") -> L-069 | B70: Steuerberater & Anwälte | C70: Brehm & Brehm | D70: Dipl.-Kfm. Hans-Joachim Brehm | E70: Wirtschaftsprüfer, Steuerberater | F70: Frankfurt am Main | G70: https://www.steuerkanzleibrehm.de/ | H70: 06910730130 | I70: kontakt@steuerkanzleibrehm.de | J70: Google | K70: Ausbaufähig | L70: 🟡 Mittel | N70: Offen | P70: veraltet
A71: =IF($C71<>"","L-"&TEXT(ROW()-1,"000"),"") -> L-070 | B71: Steuerberater & Anwälte | C71: Steuerbüro Halbow | D71: Lothar Halbow | E71: Steuerberater | F71: Frankfurt am Main | G71: https://www.stb-halbow.de/ | H71: 0610921783 | I71: stb-halbow@online.de | J71: Google | K71: Schlecht | L71: 🔴 Hoch | N71: Offen | P71: unbefriedigend
A72: =IF($C72<>"","L-"&TEXT(ROW()-1,"000"),"") -> L-071 | B72: Steuerberater & Anwälte | C72: Peggy Hummel Steuerberatung | D72: Peggy Hummel | F72: Frankfurt am Main | G72: https://www.hummel-stb.de/ | H72: 06990550750 | I72: info@hummel-stb.de | J72: Google | K72: Schlecht | L72: 🔴 Hoch | N72: Offen | P72: was ist das? ist ein Versuch wert
A73: =IF($C73<>"","L-"&TEXT(ROW()-1,"000"),"") -> L-072 | B73: Steuerberater & Anwälte | C73: Steuerbüro Junghans | D73: Herr Junghans | F73: Frankfurt am Main | G73: http://www.steuerbuero-junghans.de/ | H73: 069702958 | I73: nfo@steuerbuero-junghans.de | J73: Google | K73: Sehr schlecht | L73: 🔴 Hoch | N73: Offen | P73: veraltet
A74: =IF($C74<>"","L-"&TEXT(ROW()-1,"000"),"") -> L-073 | B74: Steuerberater & Anwälte | C74: Sozietät Krebs & Pawlik | D74: Julia Pawlik | E74: Inhaberin | F74: Frankfurt am Main | G74: http://www.krebsundpawlik.de/ | H74: 069955095040 | I74: info@krebsundpawlik.de | J74: Google | K74: Schlecht | L74: 🔴 Hoch | N74: Offen
A75: =IF($C75<>"","L-"&TEXT(ROW()-1,"000"),"") -> L-074 | B75: Steuerberater & Anwälte | C75: Dipl.-Kfm. J. Wichert | D75: Jörg Wichert | F75: Frankfurt am Main | G75: https://www.steuerberater-wichert.de/ | H75: 06102812880 | I75: info@steuerberater-wichert.de | J75: Google | K75: Sehr schlecht | L75: 🔴 Hoch | N75: Offen | P75: ist in der entstehung
A76: =IF($C76<>"","L-"&TEXT(ROW()-1,"000"),"") -> L-075 | B76: Steuerberater & Anwälte | C76: SteuerberaterDr. Dirk Kuntschke | D76: Dirk Kuntschke | F76: Frankfurt am Main | G76: https://www.steuerberatung-kuntschke.de/ | H76: 072213749864 | I76: Handy: +491738307710 | J76: Google | K76: Schlecht | L76: 🔴 Hoch | N76: Offen
A77: =IF($C77<>"","L-"&TEXT(ROW()-1,"000"),"") -> L-076 | B77: Steuerberater & Anwälte | C77: Dipl. Betriebswier Günter Gauder | D77: Günter Gauder | F77: Frankfurt am Main | G77: https://www.steuerberater-gauder.de/ | H77: 06102254085 | I77: gauder@steuerberater-gauder.de | J77: Google | K77: Ausbaufähig | L77: 🟢 Niedrig | N77: Offen
A78: =IF($C78<>"","L-"&TEXT(ROW()-1,"000"),"") -> L-077 | B78: Steuerberater & Anwälte | C78: Steuerberater Press | D78: Andreas Press | F78: Frankfurt am Main | G78: https://www.steuerberater-press.org/ | H78: 06925422806 | I78: info@steuerberater-press.org | J78: Google | K78: Schlecht | L78: 🔴 Hoch | N78: Offen
A79: =IF($C79<>"","L-"&TEXT(ROW()-1,"000"),"") -> L-078 | B79: Steuerberater & Anwälte | C79: THW Telljohann, Henze, Winkler | D79: THW Telljohann, Henze, Winkler | E79: Partnerschaft | F79: Frankfurt am Main | G79: https://www.thw-steuern.de/ | H79: 01629094969 | I79: info@thw-steuern.de | J79: Google | K79: Sehr schlecht | L79: 🔴 Hoch | N79: Offen
A80: =IF($C80<>"","L-"&TEXT(ROW()-1,"000"),"") -> L-079 | B80: Steuerberater & Anwälte | C80: Müllergroß Wirtschaftsprüfer Steuerberater Partnerschaft mbB | E80: Partnerschaft | F80: Frankfurt am Main | G80: https://www.muellergross.de/de/impressum/index.html | H80: 0699842090 | I80: info@muellergross.de | J80: Google | K80: Schlecht | L80: 🔴 Hoch | N80: Offen
A81: =IF($C81<>"","L-"&TEXT(ROW()-1,"000"),"") -> L-080 | B81: Steuerberater & Anwälte | C81: Marinov & Partner Steuerberater | D81: Marinov & Partner Steuerberater | F81: Frankfurt am Main | G81: https://www.steuerberater-marinov.de/ | H81: +4934066149624 | I81: info@steuerberater-marinov.de | J81: Google | K81: Schlecht | L81: 🔴 Hoch | N81: Offen | P81: veraltet
A82: =IF($C82<>"","L-"&TEXT(ROW()-1,"000"),"") -> L-081 | B82: Steuerberater & Anwälte | C82: Paul Weber Steuerberater | D82: Paul Weber | F82: Frankfurt am Main | G82: ▷ Paul Weber Steuerberater, Frankfurt am Main | H82: 06924450981 | I82: info@stbweber.de | J82: Google | K82: Sehr schlecht | L82: 🔴 Hoch | N82: Offen | P82: keine Seite gefunden
A83: =IF($C83<>"","L-"&TEXT(ROW()-1,"000"),"") -> L-082 | B83: Steuerberater & Anwälte | C83: tes rechtsanwälte steuerberater | D83: tietze enders & Partner mbB rechtsanwälte steuerberater | F83: Frankfurt am Main | G83: https://www.teslegal.de/ | H83: 069257515620 | I83: info@tes-partner.de | J83: Google | K83: Ausbaufähig | L83: 🟡 Mittel | N83: Offen | P83: überarbeiten
A84: =IF($C84<>"","L-"&TEXT(ROW()-1,"000"),"") -> L-083 | B84: Steuerberater & Anwälte | C84: APRIORI | D84: RA StB Oliver Kethers | E84: Vertreter | F84: Frankfurt am Main | G84: https://www.apriori-ra.de/ | H84: 06927272570 | I84: info@apriori-ra.de | J84: Google | K84: Schlecht | L84: 🔴 Hoch | N84: Offen | P84: einseitig
A85: =IF($C85<>"","L-"&TEXT(ROW()-1,"000"),"") -> L-084 | B85: Steuerberater & Anwälte | C85: ARMIN SCHERF | D85: Armin Scherf | F85: Frankfurt am Main | G85: https://scherf-steuerberatung.de/ | H85: 0695071242 | I85: kanzlei@scherf-steuerberatung.de | J85: Google | K85: Schlecht | L85: 🟡 Mittel | N85: Offen | P85: einseitig
A86: =IF($C86<>"","L-"&TEXT(ROW()-1,"000"),"") -> L-085 | B86: Steuerberater & Anwälte | C86: Steuerberater Dal Magro | D86: Dal Margo | F86: Frankfurt am Main | G86: https://www.smartexperts.de/suche/searchdetail/steuerberater-dal-magro/2068206?from=portal | H86: 069247447451 | J86: Google | K86: Sehr schlecht | L86: 🔴 Hoch | N86: Offen | P86: viel zu wenige infos
A87: =IF($C87<>"","L-"&TEXT(ROW()-1,"000"),"") -> L-086 | B87: Steuerberater & Anwälte | C87: Martin K. Müller Steuerberater | D87: Martin Müller | E87: inhaber | F87: Frankfurt am Main | G87: https://www.steuerkanzlei-martin-mueller.de/ | H87: 067829899222 | I87: info@steuerkanzlei-martin-mueller.de | J87: Google | K87: Gut | L87: 🟡 Mittel | N87: Offen | P87: kleine anpassungen möglich
A88: =IF($C88<>"","L-"&TEXT(ROW()-1,"000"),"") -> L-087 | B88: Steuerberater & Anwälte | C88: Leymann Steuerberatung | F88: Frankfurt am Main | G88: https://www.steuerberatung-leymann.de | H88: 06946939307 | J88: Google | K88: Sehr schlecht | L88: 🔴 Hoch | N88: Offen | P88: keine Seite gefunden
A89: =IF($C89<>"","L-"&TEXT(ROW()-1,"000"),"") -> L-088 | B89: Steuerberater & Anwälte | C89: Steuerberater Torlakovic | D89: Dragisa Torlakovic | F89: Frankfurt am Main | G89: https://www.steuerberater-torlakovic.de/ | H89: 061019857797 | I89: info@steuerberater-torlakovic.de | J89: Google | K89: Gut | L89: 🟡 Mittel | N89: Offen | P89: kleine überarbeitung
A90: =IF($C90<>"","L-"&TEXT(ROW()-1,"000"),"") -> L-089 | B90: Steuerberater & Anwälte | C90: Jung & Benhdya PartmbB | F90: Selingenstadt | G90: https://www.jb-steuerberater.de/ | H90: 061828955855 | I90: info@jb-steuerberater.de | J90: Google | K90: Schlecht | L90: 🔴 Hoch | N90: Offen | P90: unausreichend
A91: =IF($C91<>"","L-"&TEXT(ROW()-1,"000"),"") -> L-090 | B91: Steuerberater & Anwälte | C91: Steuerkanzlei Bieber | D91: Nancy Bieber | E91: Steuerberaterin & Diplom-Betriebswirtin | F91: Frankfurt am Main | G91: https://www.steuerberater-frankfurt-bieber.de/ | H91: 069247575340 | I91: service@steuerberatung-bieber.de | J91: Google | K91: Ausbaufähig | L91: 🟡 Mittel | N91: Offen | P91: zeitgemäß
A92: =IF($C92<>"","L-"&TEXT(ROW()-1,"000"),"") -> L-091 | B92: Steuerberater & Anwälte | C92: Gunter H. Reuter | D92: Gunter H. Reuter | F92: Frankfurt am Main | G92: https://www.rechtsberatung-reuter.de | H92: 0696314032 | I92: info@rechtsberatung-reuter.de | J92: Google | K92: Keine Website | L92: 🔴 Hoch | N92: Offen | P92: keine Seite gefunden
A93: =IF($C93<>"","L-"&TEXT(ROW()-1,"000"),"") -> L-092 | B93: Steuerberater & Anwälte | C93: Dieter Bukowski Steuerberater | D93: Herr Dieter Bukowski | F93: Frankfurt am Main | G93: https://www.steuer-berater.de/frankfurt/dieter-bukowski-steuerberater-aUMF7H | H93: 069555241 | J93: Google | K93: Keine Website | L93: 🔴 Hoch | N93: Offen | P93: keine Seite gefunden
A94: =IF($C94<>"","L-"&TEXT(ROW()-1,"000"),"") -> L-093 | B94: Steuerberater & Anwälte | C94: Triebel & Triebel | D94: Volker & Jutta Triebel | E94: Partnerschaft ( volker.triebel@raetriebel.com, jutta.triebel@raetriebel.com) | F94: Frankfurt am Main | G94: https://triebelundtriebel.de/die-kanzlei2/kontakt/ | H94: 0691338939 | I94: info@raetriebel.com | J94: Google | K94: Ausbaufähig | L94: 🔴 Hoch | N94: Offen | P94: kein Impressum
A95: =IF($C95<>"","L-"&TEXT(ROW()-1,"000"),"") -> L-094 | B95: Steuerberater & Anwälte | C95: M & P Metzner&Partner mbB | D95: Dirk Metzner, Eva Becher | F95: Frankfurt am Main | G95: https://metpa.de/impressum-datenschutz/ | H95: 069959320290 | I95: info@metpa.de | J95: Google | K95: Ausbaufähig | L95: 🔴 Hoch | N95: Offen
A96: =IF($C96<>"","L-"&TEXT(ROW()-1,"000"),"") -> L-095 | B96: Steuerberater & Anwälte | C96: Henning Fritz Dipl.-Kfm. Steuerberater, Wirtschaftsprüfer | D96: Henning Fritz Dipl.-Kfm. Steuerberater, Wirtschaftsprüfer | F96: Frankfurt am Main | G96: https://web2.cylex.de/firma-home/henning-fritz-dipl--kfm--steuerberater--wirtschaftspruefer-1100837.html | H96: 069439147 | J96: Google | K96: Keine Website | L96: 🔴 Hoch | N96: Offen | P96: keine Seite gefunden
A97: =IF($C97<>"","L-"&TEXT(ROW()-1,"000"),"") -> L-096 | B97: Steuerberater & Anwälte | C97: CHRIST & CO. Steuerberatungsgesellschaft mbH | D97: Jörg Mades | F97: Frankfurt am Main | G97: https://www.christ-steuerberatung.de/impressum/ | H97: 0610277760 | I97: Info@christ-co.de | J97: Google | K97: Ausbaufähig | L97: 🟡 Mittel | N97: Offen
A98: =IF($C98<>"","L-"&TEXT(ROW()-1,"000"),"") -> L-097 | B98: Steuerberater & Anwälte | C98: RSM EBNER STOLZ Pnerschaft mbb | D98: Matthias Spingler | E98: Verantwortlich | F98: Stuttgart | G98: https://www.ebnerstolz.de/de/ | H98: 4971120490 | I98: info@ebnerstolz.de | J98: Google | K98: Gut | L98: 🟢 Niedrig | N98: Offen | P98: bessere struktur und übersicht
A99: =IF($C99<>"","L-"&TEXT(ROW()-1,"000"),"") -> L-098 | B99: Steuerberater & Anwälte | C99: Dr. Vaih & Partner Steuerberatungsgeselschaft | D99: Herbert König | E99: Verantwortlich | F99: Stuttgart | G99: https://www.vaih.de/ | H99: 0711227990 | I99: info@​vaih.de | J99: Google | K99: Gut | L99: 🟢 Niedrig | N99: Offen | P99: bessere struktur und übersicht
A100: =IF($C100<>"","L-"&TEXT(ROW()-1,"000"),"") -> L-099 | B100: Steuerberater & Anwälte | C100: Günay Mutlu Steuerberater | D100: Günay Mutlu | F100: Stuttgart | G100: https://www.stb-mutlu.de/ | H100: 071150090237 | I100: mutlu@stb-mutlu.de | J100: Google | K100: Ausbaufähig | L100: 🟡 Mittel | N100: Offen | P100: ausfürliche und atraktive gestaltung
...

Sheet Akquise-Tracking
A1: Akquise-Tracking 2026
A2: Tägliche Kalt-Akquise Aktivitäten · Quoten werden automatisch berechnet
A3: Datum | B3: Wählversuche | C3: Gespräche mit Empfang | D3: Quote Empfang | E3: Gespräche mit Entscheider | F3: Quote Empfang Überwindung | G3: Termine vereinbart | H3: Quote Quali-Call
D4: =IFERROR(AkquiseTracking[[#This Row],[Wählversuche]]/AkquiseTracking[[#This Row],[Gespräche mit Empfang]],0) -> 0 | F4: =IFERROR(AkquiseTracking[[#This Row],[Gespräche mit Entscheider]]/AkquiseTracking[[#This Row],[Gespräche mit Empfang]],0) -> 0 | H4: =IFERROR(AkquiseTracking[[#This Row],[Termine vereinbart]]/AkquiseTracking[[#This Row],[Gespräche mit Empfang]],0) -> 0
D5: =IFERROR(AkquiseTracking[[#This Row],[Wählversuche]]/AkquiseTracking[[#This Row],[Gespräche mit Empfang]],0) -> 0 | F5: =IFERROR(AkquiseTracking[[#This Row],[Gespräche mit Entscheider]]/AkquiseTracking[[#This Row],[Gespräche mit Empfang]],0) -> 0 | H5: =IFERROR(AkquiseTracking[[#This Row],[Termine vereinbart]]/AkquiseTracking[[#This Row],[Gespräche mit Empfang]],0) -> 0 | J5: Kategorie | K5: ⌀ Schnitt
D6: =IFERROR(AkquiseTracking[[#This Row],[Wählversuche]]/AkquiseTracking[[#This Row],[Gespräche mit Empfang]],0) -> 0 | F6: =IFERROR(AkquiseTracking[[#This Row],[Gespräche mit Entscheider]]/AkquiseTracking[[#This Row],[Gespräche mit Empfang]],0) -> 0 | H6: =IFERROR(AkquiseTracking[[#This Row],[Termine vereinbart]]/AkquiseTracking[[#This Row],[Gespräche mit Empfang]],0) -> 0 | J6: Wählversuche | K6: =AVERAGE(AkquiseTracking[Wählversuche]) -> #DIV/0!
D7: =IFERROR(AkquiseTracking[[#This Row],[Wählversuche]]/AkquiseTracking[[#This Row],[Gespräche mit Empfang]],0) -> 0 | F7: =IFERROR(AkquiseTracking[[#This Row],[Gespräche mit Entscheider]]/AkquiseTracking[[#This Row],[Gespräche mit Empfang]],0) -> 0 | H7: =IFERROR(AkquiseTracking[[#This Row],[Termine vereinbart]]/AkquiseTracking[[#This Row],[Gespräche mit Empfang]],0) -> 0 | J7: Gespräch mit Empfang | K7: =AVERAGE(AkquiseTracking[Gespräche mit Empfang]) -> #DIV/0!
D8: =IFERROR(AkquiseTracking[[#This Row],[Wählversuche]]/AkquiseTracking[[#This Row],[Gespräche mit Empfang]],0) -> 0 | F8: =IFERROR(AkquiseTracking[[#This Row],[Gespräche mit Entscheider]]/AkquiseTracking[[#This Row],[Gespräche mit Empfang]],0) -> 0 | H8: =IFERROR(AkquiseTracking[[#This Row],[Termine vereinbart]]/AkquiseTracking[[#This Row],[Gespräche mit Empfang]],0) -> 0 | J8: Quote Empfang | K8: =AVERAGE(AkquiseTracking[Quote Empfang]) -> 0
D9: =IFERROR(AkquiseTracking[[#This Row],[Wählversuche]]/AkquiseTracking[[#This Row],[Gespräche mit Empfang]],0) -> 0 | F9: =IFERROR(AkquiseTracking[[#This Row],[Gespräche mit Entscheider]]/AkquiseTracking[[#This Row],[Gespräche mit Empfang]],0) -> 0 | H9: =IFERROR(AkquiseTracking[[#This Row],[Termine vereinbart]]/AkquiseTracking[[#This Row],[Gespräche mit Empfang]],0) -> 0 | J9: Gespräche mit Entscheider | K9: =AVERAGE(AkquiseTracking[Gespräche mit Entscheider]) -> #DIV/0!
D10: =IFERROR(AkquiseTracking[[#This Row],[Wählversuche]]/AkquiseTracking[[#This Row],[Gespräche mit Empfang]],0) -> 0 | F10: =IFERROR(AkquiseTracking[[#This Row],[Gespräche mit Entscheider]]/AkquiseTracking[[#This Row],[Gespräche mit Empfang]],0) -> 0 | H10: =IFERROR(AkquiseTracking[[#This Row],[Termine vereinbart]]/AkquiseTracking[[#This Row],[Gespräche mit Empfang]],0) -> 0 | J10: Quote Empfang Überwindung | K10: =AVERAGE(AkquiseTracking[Quote Empfang Überwindung]) -> 0
D11: =IFERROR(AkquiseTracking[[#This Row],[Wählversuche]]/AkquiseTracking[[#This Row],[Gespräche mit Empfang]],0) -> 0 | F11: =IFERROR(AkquiseTracking[[#This Row],[Gespräche mit Entscheider]]/AkquiseTracking[[#This Row],[Gespräche mit Empfang]],0) -> 0 | H11: =IFERROR(AkquiseTracking[[#This Row],[Termine vereinbart]]/AkquiseTracking[[#This Row],[Gespräche mit Empfang]],0) -> 0 | J11: Termine vereinbart | K11: =AVERAGE(AkquiseTracking[Termine vereinbart]) -> #DIV/0!
D12: =IFERROR(AkquiseTracking[[#This Row],[Wählversuche]]/AkquiseTracking[[#This Row],[Gespräche mit Empfang]],0) -> 0 | F12: =IFERROR(AkquiseTracking[[#This Row],[Gespräche mit Entscheider]]/AkquiseTracking[[#This Row],[Gespräche mit Empfang]],0) -> 0 | H12: =IFERROR(AkquiseTracking[[#This Row],[Termine vereinbart]]/AkquiseTracking[[#This Row],[Gespräche mit Empfang]],0) -> 0 | J12: Quote Quali-Call | K12: =AVERAGE(AkquiseTracking[Quote Quali-Call]) -> 0
D13: =IFERROR(AkquiseTracking[[#This Row],[Wählversuche]]/AkquiseTracking[[#This Row],[Gespräche mit Empfang]],0) -> 0 | F13: =IFERROR(AkquiseTracking[[#This Row],[Gespräche mit Entscheider]]/AkquiseTracking[[#This Row],[Gespräche mit Empfang]],0) -> 0 | H13: =IFERROR(AkquiseTracking[[#This Row],[Termine vereinbart]]/AkquiseTracking[[#This Row],[Gespräche mit Empfang]],0) -> 0
D14: =IFERROR(AkquiseTracking[[#This Row],[Wählversuche]]/AkquiseTracking[[#This Row],[Gespräche mit Empfang]],0) -> 0 | F14: =IFERROR(AkquiseTracking[[#This Row],[Gespräche mit Entscheider]]/AkquiseTracking[[#This Row],[Gespräche mit Empfang]],0) -> 0 | H14: =IFERROR(AkquiseTracking[[#This Row],[Termine vereinbart]]/AkquiseTracking[[#This Row],[Gespräche mit Empfang]],0) -> 0
D15: =IFERROR(AkquiseTracking[[#This Row],[Wählversuche]]/AkquiseTracking[[#This Row],[Gespräche mit Empfang]],0) -> 0 | F15: =IFERROR(AkquiseTracking[[#This Row],[Gespräche mit Entscheider]]/AkquiseTracking[[#This Row],[Gespräche mit Empfang]],0) -> 0 | H15: =IFERROR(AkquiseTracking[[#This Row],[Termine vereinbart]]/AkquiseTracking[[#This Row],[Gespräche mit Empfang]],0) -> 0
D16: =IFERROR(AkquiseTracking[[#This Row],[Wählversuche]]/AkquiseTracking[[#This Row],[Gespräche mit Empfang]],0) -> 0 | F16: =IFERROR(AkquiseTracking[[#This Row],[Gespräche mit Entscheider]]/AkquiseTracking[[#This Row],[Gespräche mit Empfang]],0) -> 0 | H16: =IFERROR(AkquiseTracking[[#This Row],[Termine vereinbart]]/AkquiseTracking[[#This Row],[Gespräche mit Empfang]],0) -> 0
D17: =IFERROR(AkquiseTracking[[#This Row],[Wählversuche]]/AkquiseTracking[[#This Row],[Gespräche mit Empfang]],0) -> 0 | F17: =IFERROR(AkquiseTracking[[#This Row],[Gespräche mit Entscheider]]/AkquiseTracking[[#This Row],[Gespräche mit Empfang]],0) -> 0 | H17: =IFERROR(AkquiseTracking[[#This Row],[Termine vereinbart]]/AkquiseTracking[[#This Row],[Gespräche mit Empfang]],0) -> 0
D18: =IFERROR(AkquiseTracking[[#This Row],[Wählversuche]]/AkquiseTracking[[#This Row],[Gespräche mit Empfang]],0) -> 0 | F18: =IFERROR(AkquiseTracking[[#This Row],[Gespräche mit Entscheider]]/AkquiseTracking[[#This Row],[Gespräche mit Empfang]],0) -> 0 | H18: =IFERROR(AkquiseTracking[[#This Row],[Termine vereinbart]]/AkquiseTracking[[#This Row],[Gespräche mit Empfang]],0) -> 0
D19: =IFERROR(AkquiseTracking[[#This Row],[Wählversuche]]/AkquiseTracking[[#This Row],[Gespräche mit Empfang]],0) -> 0 | F19: =IFERROR(AkquiseTracking[[#This Row],[Gespräche mit Entscheider]]/AkquiseTracking[[#This Row],[Gespräche mit Empfang]],0) -> 0 | H19: =IFERROR(AkquiseTracking[[#This Row],[Termine vereinbart]]/AkquiseTracking[[#This Row],[Gespräche mit Empfang]],0) -> 0
D20: =IFERROR(AkquiseTracking[[#This Row],[Wählversuche]]/AkquiseTracking[[#This Row],[Gespräche mit Empfang]],0) -> 0 | F20: =IFERROR(AkquiseTracking[[#This Row],[Gespräche mit Entscheider]]/AkquiseTracking[[#This Row],[Gespräche mit Empfang]],0) -> 0 | H20: =IFERROR(AkquiseTracking[[#This Row],[Termine vereinbart]]/AkquiseTracking[[#This Row],[Gespräche mit Empfang]],0) -> 0
D21: =IFERROR(AkquiseTracking[[#This Row],[Wählversuche]]/AkquiseTracking[[#This Row],[Gespräche mit Empfang]],0) -> 0 | F21: =IFERROR(AkquiseTracking[[#This Row],[Gespräche mit Entscheider]]/AkquiseTracking[[#This Row],[Gespräche mit Empfang]],0) -> 0 | H21: =IFERROR(AkquiseTracking[[#This Row],[Termine vereinbart]]/AkquiseTracking[[#This Row],[Gespräche mit Empfang]],0) -> 0
D22: =IFERROR(AkquiseTracking[[#This Row],[Wählversuche]]/AkquiseTracking[[#This Row],[Gespräche mit Empfang]],0) -> 0 | F22: =IFERROR(AkquiseTracking[[#This Row],[Gespräche mit Entscheider]]/AkquiseTracking[[#This Row],[Gespräche mit Empfang]],0) -> 0 | H22: =IFERROR(AkquiseTracking[[#This Row],[Termine vereinbart]]/AkquiseTracking[[#This Row],[Gespräche mit Empfang]],0) -> 0
D23: =IFERROR(AkquiseTracking[[#This Row],[Wählversuche]]/AkquiseTracking[[#This Row],[Gespräche mit Empfang]],0) -> 0 | F23: =IFERROR(AkquiseTracking[[#This Row],[Gespräche mit Entscheider]]/AkquiseTracking[[#This Row],[Gespräche mit Empfang]],0) -> 0 | H23: =IFERROR(AkquiseTracking[[#This Row],[Termine vereinbart]]/AkquiseTracking[[#This Row],[Gespräche mit Empfang]],0) -> 0
D24: =IFERROR(AkquiseTracking[[#This Row],[Wählversuche]]/AkquiseTracking[[#This Row],[Gespräche mit Empfang]],0) -> 0 | F24: =IFERROR(AkquiseTracking[[#This Row],[Gespräche mit Entscheider]]/AkquiseTracking[[#This Row],[Gespräche mit Empfang]],0) -> 0 | H24: =IFERROR(AkquiseTracking[[#This Row],[Termine vereinbart]]/AkquiseTracking[[#This Row],[Gespräche mit Empfang]],0) -> 0
... D500: =IFERROR(AkquiseTracking[[#This Row],[Wählversuche]]/AkquiseTracking[[#This Row],[Gespräche mit Empfang]],0) -> 0 | F500: =IFERROR(AkquiseTracking[[#This Row],[Gespräche mit Entscheider]]/AkquiseTracking[[#This Row],[Gespräche mit Empfang]],0) -> 0 | H500: =IFERROR(AkquiseTracking[[#This Row],[Termine vereinbart]]/AkquiseTracking[[#This Row],[Gespräche mit Empfang]],0) -> 0

Sheet Quali-Calls
A1: ID | B1: Zielgruppe | C1: Firmenname | D1: Ansprechpartner | E1: Telefon | F1: E-Mail | G1: Quali-Call am | H1: Quali-Ergebnis | I1: Wiedervorlage | J1: Bedarf / Notizen
A2: L-047 | B2: Musik & Event | C2: VMP Künstlerpool | D2: Bobby Stöcker | E2: 1775719570 | F2: info@v-m-p.com | G2: 46160 | H2: Qualifiziert
A3: L-113 | B3: Immobilien & Makler | C3: Privatperson | D3: Patick Badowski | E3: 01721409933 | F3: PatrickBadowski@web.de | G3: 46196 | H3: Qualifiziert

Sheet Sales-Calls
A1: ID | B1: Zielgruppe | C1: Firmenname | D1: Ansprechpartner | E1: Telefon | F1: E-Mail | G1: Closing-Call am | H1: Leistungen | I1: Angebotsvolumen (€) | J1: Leistungsbeginn | K1: Sales-Ergebnis | L1: Notizen
A2: L-047 | B2: Musik & Event | C2: VMP Künstlerpool | D2: Bobby Stöcker | E2: 1775719570 | F2: info@v-m-p.com | G2: 46162 | H2: Website Überarbeitung, SEO Grundlagen, Admin Bereich, ...(Siehe Angebot) | I2: 1300 | J2: 46174 | K2: Abgeschlossen
A3: L-113 | B3: Immobilien & Makler | C3: Privatperson | D3: Patick Badowski | E3: 01721409933 | F3: PatrickBadowski@web.de | H3: Erstellung eines profesionellen Online-Auftritts für seine Wohnung. Inklusive automatisiertem Kalender mit Kontaktanfrage | I3: 1750 | K3: Offen

Sheet Kunden
A1: ID | B1: Zielgruppe | C1: Firmenname | D1: Ansprechpartner | E1: Telefon | F1: E-Mail | G1: Leistungen | H1: Auftragsvolumen (€) | I1: Leistungsbeginn | J1: Abschluss am | K1: KD-NR | L1: Notizen
A2: - | B2: Musik & Event | C2: Threefliesbar | D2: Malik Semmler-Lins | E2: 015168106288 | K2: =IF($D2<>"","KD-"&TEXT(ROW()-1,"000"),"") -> KD-001
A3: - | B3: Musik & Event | C3: Bendixofficial | D3: Benjamin Engel | E3: 01749710557 | K3: =IF($D3<>"","KD-"&TEXT(ROW()-1,"000"),"") -> KD-002
A4: L-047 | B4: Musik & Event | C4: VMP Künstlerpool | D4: Bobby Stöcker | E4: 1775719570 | F4: info@v-m-p.com | G4: Website Überarbeitung, SEO Grundlagen, Admin Bereich, ...(Siehe Angebot) | H4: 1300 | I4: 46174 | J4: 46178 | K4: =IF($D4<>"","KD-"&TEXT(ROW()-1,"000"),"") -> KD-003
A5: - | B5: Coaches & Berater | C5: Bazooka City/Safe Untermain | D5: Sven Zöller | E5: 015119608040 | K5: =IF($D5<>"","KD-"&TEXT(ROW()-1,"000"),"") -> KD-004
K6: =IF($D6<>"","KD-"&TEXT(ROW()-1,"000"),"")
K7: =IF($D7<>"","KD-"&TEXT(ROW()-1,"000"),"")
K8: =IF($D8<>"","KD-"&TEXT(ROW()-1,"000"),"")
K9: =IF($D9<>"","KD-"&TEXT(ROW()-1,"000"),"")
K10: =IF($D10<>"","KD-"&TEXT(ROW()-1,"000"),"")
K11: =IF($D11<>"","KD-"&TEXT(ROW()-1,"000"),"")
K12: =IF($D12<>"","KD-"&TEXT(ROW()-1,"000"),"")

Sheet Funnel & Quoten
A1: [Schuck] Webdesign · Funnel & Quoten 2026
D2: Auswertungsjahr: | F2: 2026
A3: Monat | B3: Erstkontakte | C3: → Qualifiziert | D3: Akquise-Quote | E3: Quali-Calls | F3: → qualifiziert | G3: Quali-Quote | H3: Sales-Calls | I3: → Abschluss | J3: Abschluss-Quote
A4: =DATE($F$2,1,1) -> 46023 | B4: =COUNTIFS(Akquise[Erstkontakt am],">="&$A4,Akquise[Erstkontakt am],"<"&EDATE($A4,1)) -> 0 | C4: =COUNTIFS(Akquise[Erstkontakt am],">="&$A4,Akquise[Erstkontakt am],"<"&EDATE($A4,1),Akquise[Akquise-Ergebnis],"Qualifiziert") -> 0 | D4: =IFERROR(C4/B4,"") | E4: =COUNTIFS(QualliCalls[Quali-Call am],">="&$A4,QualliCalls[Quali-Call am],"<"&EDATE($A4,1)) -> 0 | F4: =COUNTIFS(QualliCalls[Quali-Call am],">="&$A4,QualliCalls[Quali-Call am],"<"&EDATE($A4,1),QualliCalls[Quali-Ergebnis],"Qualifiziert") -> 0 | G4: =IFERROR(F4/E4,"") | H4: =COUNTIFS(SaleCalls[Closing-Call am],">="&$A4,SaleCalls[Closing-Call am],"<"&EDATE($A4,1)) -> 0 | I4: =COUNTIFS(SaleCalls[Closing-Call am],">="&$A4,SaleCalls[Closing-Call am],"<"&EDATE($A4,1),SaleCalls[Sales-Ergebnis],"Abgeschlossen") -> 0 | J4: =IFERROR(I4/H4,"")
A5: =DATE($F$2,2,1) -> 46054 | B5: =COUNTIFS(Akquise[Erstkontakt am],">="&$A5,Akquise[Erstkontakt am],"<"&EDATE($A5,1)) -> 0 | C5: =COUNTIFS(Akquise[Erstkontakt am],">="&$A5,Akquise[Erstkontakt am],"<"&EDATE($A5,1),Akquise[Akquise-Ergebnis],"Qualifiziert") -> 0 | D5: =IFERROR(C5/B5,"") | E5: =COUNTIFS(QualliCalls[Quali-Call am],">="&$A5,QualliCalls[Quali-Call am],"<"&EDATE($A5,1)) -> 0 | F5: =COUNTIFS(QualliCalls[Quali-Call am],">="&$A5,QualliCalls[Quali-Call am],"<"&EDATE($A5,1),QualliCalls[Quali-Ergebnis],"Qualifiziert") -> 0 | G5: =IFERROR(F5/E5,"") | H5: =COUNTIFS(SaleCalls[Closing-Call am],">="&$A5,SaleCalls[Closing-Call am],"<"&EDATE($A5,1)) -> 0 | I5: =COUNTIFS(SaleCalls[Closing-Call am],">="&$A5,SaleCalls[Closing-Call am],"<"&EDATE($A5,1),SaleCalls[Sales-Ergebnis],"Abgeschlossen") -> 0 | J5: =IFERROR(I5/H5,"")
A6: =DATE($F$2,3,1) -> 46082 | B6: =COUNTIFS(Akquise[Erstkontakt am],">="&$A6,Akquise[Erstkontakt am],"<"&EDATE($A6,1)) -> 0 | C6: =COUNTIFS(Akquise[Erstkontakt am],">="&$A6,Akquise[Erstkontakt am],"<"&EDATE($A6,1),Akquise[Akquise-Ergebnis],"Qualifiziert") -> 0 | D6: =IFERROR(C6/B6,"") | E6: =COUNTIFS(QualliCalls[Quali-Call am],">="&$A6,QualliCalls[Quali-Call am],"<"&EDATE($A6,1)) -> 0 | F6: =COUNTIFS(QualliCalls[Quali-Call am],">="&$A6,QualliCalls[Quali-Call am],"<"&EDATE($A6,1),QualliCalls[Quali-Ergebnis],"Qualifiziert") -> 0 | G6: =IFERROR(F6/E6,"") | H6: =COUNTIFS(SaleCalls[Closing-Call am],">="&$A6,SaleCalls[Closing-Call am],"<"&EDATE($A6,1)) -> 0 | I6: =COUNTIFS(SaleCalls[Closing-Call am],">="&$A6,SaleCalls[Closing-Call am],"<"&EDATE($A6,1),SaleCalls[Sales-Ergebnis],"Abgeschlossen") -> 0 | J6: =IFERROR(I6/H6,"")
A7: =DATE($F$2,4,1) -> 46113 | B7: =COUNTIFS(Akquise[Erstkontakt am],">="&$A7,Akquise[Erstkontakt am],"<"&EDATE($A7,1)) -> 0 | C7: =COUNTIFS(Akquise[Erstkontakt am],">="&$A7,Akquise[Erstkontakt am],"<"&EDATE($A7,1),Akquise[Akquise-Ergebnis],"Qualifiziert") -> 0 | D7: =IFERROR(C7/B7,"") | E7: =COUNTIFS(QualliCalls[Quali-Call am],">="&$A7,QualliCalls[Quali-Call am],"<"&EDATE($A7,1)) -> 0 | F7: =COUNTIFS(QualliCalls[Quali-Call am],">="&$A7,QualliCalls[Quali-Call am],"<"&EDATE($A7,1),QualliCalls[Quali-Ergebnis],"Qualifiziert") -> 0 | G7: =IFERROR(F7/E7,"") | H7: =COUNTIFS(SaleCalls[Closing-Call am],">="&$A7,SaleCalls[Closing-Call am],"<"&EDATE($A7,1)) -> 0 | I7: =COUNTIFS(SaleCalls[Closing-Call am],">="&$A7,SaleCalls[Closing-Call am],"<"&EDATE($A7,1),SaleCalls[Sales-Ergebnis],"Abgeschlossen") -> 0 | J7: =IFERROR(I7/H7,"")
A8: =DATE($F$2,5,1) -> 46143 | B8: =COUNTIFS(Akquise[Erstkontakt am],">="&$A8,Akquise[Erstkontakt am],"<"&EDATE($A8,1)) -> 1 | C8: =COUNTIFS(Akquise[Erstkontakt am],">="&$A8,Akquise[Erstkontakt am],"<"&EDATE($A8,1),Akquise[Akquise-Ergebnis],"Qualifiziert") -> 1 | D8: =IFERROR(C8/B8,"") -> 1 | E8: =COUNTIFS(QualliCalls[Quali-Call am],">="&$A8,QualliCalls[Quali-Call am],"<"&EDATE($A8,1)) -> 1 | F8: =COUNTIFS(QualliCalls[Quali-Call am],">="&$A8,QualliCalls[Quali-Call am],"<"&EDATE($A8,1),QualliCalls[Quali-Ergebnis],"Qualifiziert") -> 1 | G8: =IFERROR(F8/E8,"") -> 1 | H8: =COUNTIFS(SaleCalls[Closing-Call am],">="&$A8,SaleCalls[Closing-Call am],"<"&EDATE($A8,1)) -> 1 | I8: =COUNTIFS(SaleCalls[Closing-Call am],">="&$A8,SaleCalls[Closing-Call am],"<"&EDATE($A8,1),SaleCalls[Sales-Ergebnis],"Abgeschlossen") -> 1 | J8: =IFERROR(I8/H8,"") -> 1
A9: =DATE($F$2,6,1) -> 46174 | B9: =COUNTIFS(Akquise[Erstkontakt am],">="&$A9,Akquise[Erstkontakt am],"<"&EDATE($A9,1)) -> 1 | C9: =COUNTIFS(Akquise[Erstkontakt am],">="&$A9,Akquise[Erstkontakt am],"<"&EDATE($A9,1),Akquise[Akquise-Ergebnis],"Qualifiziert") -> 1 | D9: =IFERROR(C9/B9,"") -> 1 | E9: =COUNTIFS(QualliCalls[Quali-Call am],">="&$A9,QualliCalls[Quali-Call am],"<"&EDATE($A9,1)) -> 1 | F9: =COUNTIFS(QualliCalls[Quali-Call am],">="&$A9,QualliCalls[Quali-Call am],"<"&EDATE($A9,1),QualliCalls[Quali-Ergebnis],"Qualifiziert") -> 1 | G9: =IFERROR(F9/E9,"") -> 1 | H9: =COUNTIFS(SaleCalls[Closing-Call am],">="&$A9,SaleCalls[Closing-Call am],"<"&EDATE($A9,1)) -> 0 | I9: =COUNTIFS(SaleCalls[Closing-Call am],">="&$A9,SaleCalls[Closing-Call am],"<"&EDATE($A9,1),SaleCalls[Sales-Ergebnis],"Abgeschlossen") -> 0 | J9: =IFERROR(I9/H9,"")
A10: =DATE($F$2,7,1) -> 46204 | B10: =COUNTIFS(Akquise[Erstkontakt am],">="&$A10,Akquise[Erstkontakt am],"<"&EDATE($A10,1)) -> 0 | C10: =COUNTIFS(Akquise[Erstkontakt am],">="&$A10,Akquise[Erstkontakt am],"<"&EDATE($A10,1),Akquise[Akquise-Ergebnis],"Qualifiziert") -> 0 | D10: =IFERROR(C10/B10,"") | E10: =COUNTIFS(QualliCalls[Quali-Call am],">="&$A10,QualliCalls[Quali-Call am],"<"&EDATE($A10,1)) -> 0 | F10: =COUNTIFS(QualliCalls[Quali-Call am],">="&$A10,QualliCalls[Quali-Call am],"<"&EDATE($A10,1),QualliCalls[Quali-Ergebnis],"Qualifiziert") -> 0 | G10: =IFERROR(F10/E10,"") | H10: =COUNTIFS(SaleCalls[Closing-Call am],">="&$A10,SaleCalls[Closing-Call am],"<"&EDATE($A10,1)) -> 0 | I10: =COUNTIFS(SaleCalls[Closing-Call am],">="&$A10,SaleCalls[Closing-Call am],"<"&EDATE($A10,1),SaleCalls[Sales-Ergebnis],"Abgeschlossen") -> 0 | J10: =IFERROR(I10/H10,"")
A11: =DATE($F$2,8,1) -> 46235 | B11: =COUNTIFS(Akquise[Erstkontakt am],">="&$A11,Akquise[Erstkontakt am],"<"&EDATE($A11,1)) -> 0 | C11: =COUNTIFS(Akquise[Erstkontakt am],">="&$A11,Akquise[Erstkontakt am],"<"&EDATE($A11,1),Akquise[Akquise-Ergebnis],"Qualifiziert") -> 0 | D11: =IFERROR(C11/B11,"") | E11: =COUNTIFS(QualliCalls[Quali-Call am],">="&$A11,QualliCalls[Quali-Call am],"<"&EDATE($A11,1)) -> 0 | F11: =COUNTIFS(QualliCalls[Quali-Call am],">="&$A11,QualliCalls[Quali-Call am],"<"&EDATE($A11,1),QualliCalls[Quali-Ergebnis],"Qualifiziert") -> 0 | G11: =IFERROR(F11/E11,"") | H11: =COUNTIFS(SaleCalls[Closing-Call am],">="&$A11,SaleCalls[Closing-Call am],"<"&EDATE($A11,1)) -> 0 | I11: =COUNTIFS(SaleCalls[Closing-Call am],">="&$A11,SaleCalls[Closing-Call am],"<"&EDATE($A11,1),SaleCalls[Sales-Ergebnis],"Abgeschlossen") -> 0 | J11: =IFERROR(I11/H11,"")
A12: =DATE($F$2,9,1) -> 46266 | B12: =COUNTIFS(Akquise[Erstkontakt am],">="&$A12,Akquise[Erstkontakt am],"<"&EDATE($A12,1)) -> 0 | C12: =COUNTIFS(Akquise[Erstkontakt am],">="&$A12,Akquise[Erstkontakt am],"<"&EDATE($A12,1),Akquise[Akquise-Ergebnis],"Qualifiziert") -> 0 | D12: =IFERROR(C12/B12,"") | E12: =COUNTIFS(QualliCalls[Quali-Call am],">="&$A12,QualliCalls[Quali-Call am],"<"&EDATE($A12,1)) -> 0 | F12: =COUNTIFS(QualliCalls[Quali-Call am],">="&$A12,QualliCalls[Quali-Call am],"<"&EDATE($A12,1),QualliCalls[Quali-Ergebnis],"Qualifiziert") -> 0 | G12: =IFERROR(F12/E12,"") | H12: =COUNTIFS(SaleCalls[Closing-Call am],">="&$A12,SaleCalls[Closing-Call am],"<"&EDATE($A12,1)) -> 0 | I12: =COUNTIFS(SaleCalls[Closing-Call am],">="&$A12,SaleCalls[Closing-Call am],"<"&EDATE($A12,1),SaleCalls[Sales-Ergebnis],"Abgeschlossen") -> 0 | J12: =IFERROR(I12/H12,"")
A13: =DATE($F$2,10,1) -> 46296 | B13: =COUNTIFS(Akquise[Erstkontakt am],">="&$A13,Akquise[Erstkontakt am],"<"&EDATE($A13,1)) -> 0 | C13: =COUNTIFS(Akquise[Erstkontakt am],">="&$A13,Akquise[Erstkontakt am],"<"&EDATE($A13,1),Akquise[Akquise-Ergebnis],"Qualifiziert") -> 0 | D13: =IFERROR(C13/B13,"") | E13: =COUNTIFS(QualliCalls[Quali-Call am],">="&$A13,QualliCalls[Quali-Call am],"<"&EDATE($A13,1)) -> 0 | F13: =COUNTIFS(QualliCalls[Quali-Call am],">="&$A13,QualliCalls[Quali-Call am],"<"&EDATE($A13,1),QualliCalls[Quali-Ergebnis],"Qualifiziert") -> 0 | G13: =IFERROR(F13/E13,"") | H13: =COUNTIFS(SaleCalls[Closing-Call am],">="&$A13,SaleCalls[Closing-Call am],"<"&EDATE($A13,1)) -> 0 | I13: =COUNTIFS(SaleCalls[Closing-Call am],">="&$A13,SaleCalls[Closing-Call am],"<"&EDATE($A13,1),SaleCalls[Sales-Ergebnis],"Abgeschlossen") -> 0 | J13: =IFERROR(I13/H13,"")
A14: =DATE($F$2,11,1) -> 46327 | B14: =COUNTIFS(Akquise[Erstkontakt am],">="&$A14,Akquise[Erstkontakt am],"<"&EDATE($A14,1)) -> 0 | C14: =COUNTIFS(Akquise[Erstkontakt am],">="&$A14,Akquise[Erstkontakt am],"<"&EDATE($A14,1),Akquise[Akquise-Ergebnis],"Qualifiziert") -> 0 | D14: =IFERROR(C14/B14,"") | E14: =COUNTIFS(QualliCalls[Quali-Call am],">="&$A14,QualliCalls[Quali-Call am],"<"&EDATE($A14,1)) -> 0 | F14: =COUNTIFS(QualliCalls[Quali-Call am],">="&$A14,QualliCalls[Quali-Call am],"<"&EDATE($A14,1),QualliCalls[Quali-Ergebnis],"Qualifiziert") -> 0 | G14: =IFERROR(F14/E14,"") | H14: =COUNTIFS(SaleCalls[Closing-Call am],">="&$A14,SaleCalls[Closing-Call am],"<"&EDATE($A14,1)) -> 0 | I14: =COUNTIFS(SaleCalls[Closing-Call am],">="&$A14,SaleCalls[Closing-Call am],"<"&EDATE($A14,1),SaleCalls[Sales-Ergebnis],"Abgeschlossen") -> 0 | J14: =IFERROR(I14/H14,"")
A15: =DATE($F$2,12,1) -> 46357 | B15: =COUNTIFS(Akquise[Erstkontakt am],">="&$A15,Akquise[Erstkontakt am],"<"&EDATE($A15,1)) -> 0 | C15: =COUNTIFS(Akquise[Erstkontakt am],">="&$A15,Akquise[Erstkontakt am],"<"&EDATE($A15,1),Akquise[Akquise-Ergebnis],"Qualifiziert") -> 0 | D15: =IFERROR(C15/B15,"") | E15: =COUNTIFS(QualliCalls[Quali-Call am],">="&$A15,QualliCalls[Quali-Call am],"<"&EDATE($A15,1)) -> 0 | F15: =COUNTIFS(QualliCalls[Quali-Call am],">="&$A15,QualliCalls[Quali-Call am],"<"&EDATE($A15,1),QualliCalls[Quali-Ergebnis],"Qualifiziert") -> 0 | G15: =IFERROR(F15/E15,"") | H15: =COUNTIFS(SaleCalls[Closing-Call am],">="&$A15,SaleCalls[Closing-Call am],"<"&EDATE($A15,1)) -> 0 | I15: =COUNTIFS(SaleCalls[Closing-Call am],">="&$A15,SaleCalls[Closing-Call am],"<"&EDATE($A15,1),SaleCalls[Sales-Ergebnis],"Abgeschlossen") -> 0 | J15: =IFERROR(I15/H15,"")
A16: ⌀ Durchschnitt | B16: =SUM(B4:B15) -> 2 | C16: =SUM(C4:C15) -> 2 | D16: =IFERROR(C16/B16,"") -> 1 | E16: =SUM(E4:E15) -> 2 | F16: =SUM(F4:F15) -> 2 | G16: =IFERROR(F16/E16,"") -> 1 | H16: =SUM(H4:H15) -> 1 | I16: =SUM(I4:I15) -> 1 | J16: =IFERROR(I16/H16,"") -> 1
A18: Diese Quoten lesen die Datums- und Ergebnis-Spalten der Phasen-Blätter (Akquise / Quali-Calls / Sales-Calls) monatlich aus. Sie füllen sich automatisch, sobald du dort Calls mit Datum + Ergebnis einträgst. Die ⌀-Zeile speist die „Zielplanung".

Sheet Umsatz
B1: [Schuck] Webdesign · Umsatz 2026
D2: Auswertungsjahr: | F2: 2026
B3: Monat | C3: Abschlüsse Neukunden | D3: Abschlüsse Bestandskunden | E3: Auftragsvolumen Neukunden (€) | F3: Auftragsvolumen Bestandskunden (€) | G3: Cashflow Gesamt (€)
B4: =DATE($F$2,1,1) -> 46023 | C4: =COUNTIFS(Kunden[Abschluss am],">="&$B4,Kunden[Abschluss am],"<"&EDATE($B4,1)) -> 0 | E4: =SUMIFS(Kunden[Auftragsvolumen (€)],Kunden[Abschluss am],">="&$B4,Kunden[Abschluss am],"<"&EDATE($B4,1)) -> 0
B5: =DATE($F$2,2,1) -> 46054 | C5: =COUNTIFS(Kunden[Abschluss am],">="&$B5,Kunden[Abschluss am],"<"&EDATE($B5,1)) -> 0 | E5: =SUMIFS(Kunden[Auftragsvolumen (€)],Kunden[Abschluss am],">="&$B5,Kunden[Abschluss am],"<"&EDATE($B5,1)) -> 0
B6: =DATE($F$2,3,1) -> 46082 | C6: =COUNTIFS(Kunden[Abschluss am],">="&$B6,Kunden[Abschluss am],"<"&EDATE($B6,1)) -> 0 | E6: =SUMIFS(Kunden[Auftragsvolumen (€)],Kunden[Abschluss am],">="&$B6,Kunden[Abschluss am],"<"&EDATE($B6,1)) -> 0
B7: =DATE($F$2,4,1) -> 46113 | C7: =COUNTIFS(Kunden[Abschluss am],">="&$B7,Kunden[Abschluss am],"<"&EDATE($B7,1)) -> 0 | E7: =SUMIFS(Kunden[Auftragsvolumen (€)],Kunden[Abschluss am],">="&$B7,Kunden[Abschluss am],"<"&EDATE($B7,1)) -> 0
B8: =DATE($F$2,5,1) -> 46143 | C8: =COUNTIFS(Kunden[Abschluss am],">="&$B8,Kunden[Abschluss am],"<"&EDATE($B8,1)) -> 0 | E8: =SUMIFS(Kunden[Auftragsvolumen (€)],Kunden[Abschluss am],">="&$B8,Kunden[Abschluss am],"<"&EDATE($B8,1)) -> 0
B9: =DATE($F$2,6,1) -> 46174 | C9: =COUNTIFS(Kunden[Abschluss am],">="&$B9,Kunden[Abschluss am],"<"&EDATE($B9,1)) -> 1 | E9: =SUMIFS(Kunden[Auftragsvolumen (€)],Kunden[Abschluss am],">="&$B9,Kunden[Abschluss am],"<"&EDATE($B9,1)) -> 1300
B10: =DATE($F$2,7,1) -> 46204 | C10: =COUNTIFS(Kunden[Abschluss am],">="&$B10,Kunden[Abschluss am],"<"&EDATE($B10,1)) -> 0 | E10: =SUMIFS(Kunden[Auftragsvolumen (€)],Kunden[Abschluss am],">="&$B10,Kunden[Abschluss am],"<"&EDATE($B10,1)) -> 0
B11: =DATE($F$2,8,1) -> 46235 | C11: =COUNTIFS(Kunden[Abschluss am],">="&$B11,Kunden[Abschluss am],"<"&EDATE($B11,1)) -> 0 | E11: =SUMIFS(Kunden[Auftragsvolumen (€)],Kunden[Abschluss am],">="&$B11,Kunden[Abschluss am],"<"&EDATE($B11,1)) -> 0
B12: =DATE($F$2,9,1) -> 46266 | C12: =COUNTIFS(Kunden[Abschluss am],">="&$B12,Kunden[Abschluss am],"<"&EDATE($B12,1)) -> 0 | E12: =SUMIFS(Kunden[Auftragsvolumen (€)],Kunden[Abschluss am],">="&$B12,Kunden[Abschluss am],"<"&EDATE($B12,1)) -> 0
B13: =DATE($F$2,10,1) -> 46296 | C13: =COUNTIFS(Kunden[Abschluss am],">="&$B13,Kunden[Abschluss am],"<"&EDATE($B13,1)) -> 0 | E13: =SUMIFS(Kunden[Auftragsvolumen (€)],Kunden[Abschluss am],">="&$B13,Kunden[Abschluss am],"<"&EDATE($B13,1)) -> 0
B14: =DATE($F$2,11,1) -> 46327 | C14: =COUNTIFS(Kunden[Abschluss am],">="&$B14,Kunden[Abschluss am],"<"&EDATE($B14,1)) -> 0 | E14: =SUMIFS(Kunden[Auftragsvolumen (€)],Kunden[Abschluss am],">="&$B14,Kunden[Abschluss am],"<"&EDATE($B14,1)) -> 0
B15: =DATE($F$2,12,1) -> 46357 | C15: =COUNTIFS(Kunden[Abschluss am],">="&$B15,Kunden[Abschluss am],"<"&EDATE($B15,1)) -> 0 | E15: =SUMIFS(Kunden[Auftragsvolumen (€)],Kunden[Abschluss am],">="&$B15,Kunden[Abschluss am],"<"&EDATE($B15,1)) -> 0
B16: Gesamt | C16: =SUM(C4:C15) -> 1 | D16: =SUM(D4:D15) -> 0 | E16: =SUM(E4:E15) -> 1300 | F16: =SUM(F4:F15) -> 0 | G16: =SUM(G4:G15) -> 0
B18: Erklärung der Felder:
B19: • Abschlüsse / Auftragsvolumen Neukunden — ziehen sich automatisch aus „Kunden" nach Abschluss-Monat.
B20: • Abschlüsse / Auftragsvolumen Bestandskunden — manuell (Upsells, Care-/SEO-Erweiterungen).
B21: • Cashflow Gesamt (€) — tatsächlicher Zahlungseingang im Monat (manuell).

Sheet Zielplanung
B1: [Schuck] Webdesign · Zielplanung (Reverse Funnel)
B3: ANNAHMEN (anpassbar) | E3: LIVE-QUOTEN (aus Funnel & Quoten)
B4: Zusätzlicher Zielumsatz / Monat (€) | C4: 10000 | E4: Akquise-Quote (⌀) | F4: ='Funnel & Quoten'!D16 -> 1
B5: ⌀ Auftragswert pro Kunde (€) | C5: 5000 | E5: Quali-Quote (⌀) | F5: ='Funnel & Quoten'!G16 -> 1
B6: Abschlussquote (Sales → Kunde) | C6: 0.4 | E6: Abschluss-Quote (⌀) | F6: ='Funnel & Quoten'!J16 -> 1
B7: Quali-Quote (Quali → Sales) | C7: 0.5
B8: Akquise-Quote (Erstkontakt → Quali) | C8: 0.25 | E8: Trage erst deine Schätzwerte (gelb) ein. Sobald echte Calls in den Phasen-Blättern stehen, vergleiche mit den Live-Quoten und justiere nach.
B9: Zeithorizont (Wochen) | C9: 8
B11: BENÖTIGTE AKTIVITÄT
B12: Benötigte Abschlüsse (Kunden) | C12: =CEILING(C4/C5,1) -> 2
B13: Benötigte Sales-Calls | C13: =CEILING(C12/C6,1) -> 5
B14: Benötigte Quali-Calls | C14: =CEILING(C13/C7,1) -> 10
B15: Benötigte Erstkontakte | C15: =CEILING(C14/C8,1) -> 40
B17: Erstkontakte pro Woche | C17: =CEILING(C15/C9,1) -> 5
B18: Erstkontakte pro Werktag | C18: =CEILING(C15/C9/5,1) -> 1
B20: Gelb = anpassbar · Blau = berechnet

Sheet Listen
A1: Zielgruppe | B1: Quelle | C1: Website-Qualität | D1: Priorität | E1: Akquise-Ergebnis | F1: Quali-Ergebnis | G1: Sales-Ergebnis
A2: Coaches & Berater | B2: KI | C2: Sehr schlecht | D2: 🔴 Hoch | E2: Offen | F2: Offen | G2: Offen
A3: Steuerberater & Anwälte | B3: Google | C3: Schlecht | D3: 🟡 Mittel | E3: Nicht erreicht | F3: Follow-up | G3: Follow-up
A4: Immobilien & Makler | B4: LinkedIn | C4: Ausbaufähig | D4: 🟢 Niedrig | E4: Wiedervorlage | F4: Disqualifiziert | G4: Abgelehnt
A5: Handwerk & Lokal | B5: Empfehlung | C5: OK | E5: Kein Interesse | F5: Qualifiziert | G5: Abgeschlossen
A6: Musik & Event | B6: Kaltakquise | C6: Gut | E6: Qualifiziert
A7: Agentur (Subcontracting) | B7: Messe | C7: Keine Website
A8: Sonstige | B8: DATEV
B9: Anwaltskammer
B10: Website
B11: Netzwerk
